A000,A000,A001
A001,A001,A001
A009,A009,A009
A010,A010,A010
A011,A011,A012
A012,A012,A012
A013,A013,A013
A014,A014,A014
A020,A020,A020
A021,A021,A029
A022,A022,A022
A028,A028,A022
A029,A029,A029
A030,A030,A033
A031,A031,A039
A032,A032,A033
A033,A033,A033
A038,A038,A038
A039,A039,A039
A040,A040,A040
A041,A041,A046
A042,A042,A042
A043,A043,A043
A044,A044,A044
A045,A045,A045
A046,A046,A046
A047,A047,A052
A048,A048,A085
A049,A049,A049
A050,A050,A059
A051,A051,A051
A052,A052,A052
A053,A053,A062
A054,A054,A063
A058,A058,A064
A059,A059,A059
A060,A060,A067
A061,A061,A061
A062,A062,A062
A063,A063,A063
A064,A064,A064
A065,A065,A064
A066,A066,A066
A067,A067,A067
A068,A068,A068
A069,A069,A069
A070,A070,A070
A071,A071,A071
A072,A072,A072
A073,A073,A073
A078,A078,A078
A079,A079,A078
A080,A080,A080
A081,A081,A081
A082,A082,A082
A083,A083,A083
A084,A084,A084
A085,A085,A085
A090,A090,A090
A099,A099,A090
A150,A150,A150
A151,A151,A162
A152,A152,A152
A153,A153,A153
A154,A154,A163
A155,A155,A183
A156,A156,A165
A157,A157,A168
A158,A158,A168
A159,A159,A169
A160,A160,A160
A161,A161,A161
A162,A162,A162
A163,A163,A163
A164,A164,A183
A165,A165,A165
A167,A167,A169
A168,A168,A168
A169,A169,A169
A170,A170,A190
A171,A171,A171
A178,A178,A188
A179,A179,A188
A180,A180,A200
A181,A181,A181
A182,A182,A202
A183,A183,A183
A184,A184,A184
A185,A185,A186
A186,A186,A186
A187,A187,A210
A188,A188,A188
A190,A190,A190
A191,A191,A191
A192,A192,A192
A198,A198,A198
A199,A199,A192
A200,A200,A200
A201,A201,A201
A202,A202,A202
A203,A203,A203
A207,A207,A207
A208,A208,A208
A209,A209,A232
A210,A210,A210
A211,A211,A210
A212,A212,A212
A213,A213,A213
A217,A217,A217
A218,A218,A217
A219,A219,A244
A220,A220,A250
A221,A221,A221
A222,A222,A222
A227,A227,A227
A228,A228,A268
A229,A229,A269
A230,A230,A230
A231,A231,A231
A232,A232,A230
A233,A233,A230
A238,A238,A238
A239,A239,A239
A240,A240,A240
A241,A241,A241
A242,A242,A242
A243,A243,A243
A244,A244,A244
A250,A250,A250
A251,A251,A251
A259,A259,A259
A260,A260,A260
A267,A267,A267
A268,A268,A268
A269,A269,A269
A270,A270,A270
A278,A278,A278
A279,A279,A279
A280,A280,A35
A281,A281,A281
A282,A282,A282
A288,A288,A289
A289,A289,A289
A300,A300,A309
A301,A301,A370
A302,A302,A371
A303,A303,A378
A304,A304,A304
A305,A305,A305
A308,A308,A398
A309,A309,A309
A310,A310,A310
A311,A311,A311
A318,A318,A318
A319,A319,A319
A320,A320,A320
A321,A321,A321
A327,A327,A402
A328,A328,A403
A329,A329,A408
A33,A33,A33
A34,A34,A410
A35,A35,A35
A360,A360,A362
A361,A361,A414
A362,A362,A362
A363,A363,A363
A368,A368,A368
A369,A369,A369
A370,A370,A370
A371,A371,A371
A378,A378,A378
A379,A379,A379
A38,A38,A38
A390,A390,A390
A391,A391,A439
A392,A392,A392
A393,A393,A393
A394,A394,A480
A395,A395,A395
A398,A398,A398
A399,A399,A480
A400,A400,A400
A401,A401,A401
A402,A402,A402
A403,A403,A403
A408,A408,A408
A409,A409,A409
A410,A410,A410
A411,A411,A412
A412,A412,A412
A413,A413,A413
A414,A414,A414
A4158,A415,A415
A4150,A415,A415
A4151,A415,A504
A4152,A415,A505
A418,A418,A418
A419,A419,A419
A420,A420,A420
A421,A421,A512
A422,A422,A513
A427,A427,A427
A428,A428,A428
A429,A429,A429
A430,A430,A430
A431,A431,A431
A438,A438,A430
A439,A439,A439
A440,A440,A440
A441,A441,A440
A448,A448,A440
A449,A449,A549
A46,A46,A46
A480,A480,A480
A481,A481,A481
A482,A482,A482
A483,A483,A483
A484,A484,A484
A488,A488,A488
A4900,A490,A490
A4901,A490,A498
A491,A491,A491
A492,A492,A492
A493,A493,A493
A498,A498,A498
A499,A499,A499
A500,A500,A500
A501,A501,A501
A502,A502,A502
A503,A503,A601
A504,A504,A504
A505,A505,A500
A506,A506,A501
A507,A507,A502
A509,A509,A502
A510,A510,A510
A511,A511,A662
A512,A512,A512
A513,A513,A513
A514,A514,A514
A515,A515,A515
A519,A519,A519
A520,A520,A669
A521,A521,A522
A522,A522,A522
A523,A523,A523
A527,A527,A500
A528,A528,A530
A529,A529,A539
A530,A530,A530
A539,A539,A539
A540,A540,A541
A541,A541,A541
A542,A542,A699
A543,A543,A543
A544,A544,A544
A545,A545,A545
A546,A546,A546
A548,A548,A548
A549,A549,A549
A55,A55,A749
A560,A560,A560
A561,A561,A561
A562,A562,A562
A563,A563,A563
A564,A564,A564
A568,A568,A568
A57,A57,A57
A58,A58,A58
A590,A590,A590
A598,A598,A598
A599,A599,A599
A600,A600,A600
A601,A601,A601
A609,A609,A609
A6300,A630,A630
A6301,A630,A630
A6302,A630,A630
A6303,A630,A630
A6304,A630,A630
A6305,A630,A630
A6306,A630,A630
A6307,A630,A630
A6309,A630,A630
A638,A638,A638
A64,A64,A64
A65,A65,A65
A660,A660,A660
A661,A661,A661
A662,A662,A662
A663,A663,A667
A664,A664,A664
A665,A665,A665
A666,A666,A666
A667,A667,A667
A668,A668,A668
A669,A669,A669
A670,A670,A670
A671,A671,A670
A672,A672,A670
A673,A673,A670
A679,A679,A679
A680,A680,A871
A681,A681,A681
A689,A689,A689
A690,A690,A880
A691,A691,A691
A692,A692,A692
A698,A698,A698
A699,A699,A698
A70,A70,A70
A710,A710,A710
A711,A711,A710
A719,A719,A719
A740,A740,A740
A748,A748,A568
A749,A749,A749
A750,A750,A750
A751,A751,A751
A752,A752,A750
A753,A753,A750
A759,A759,A759
A770,A770,A770
A771,A771,A770
A772,A772,A770
A773,A773,A770
A778,A778,A778
A779,A779,A779
A78,A78,A972
A790,A790,A980
A791,A791,A791
A798,A798,A798
A799,A799,A799
A800,A800,A800
A801,A801,A801
A802,A802,A802
A803,A803,A809
A804,A804,A804
A809,A809,A809
A810,A810,A810
A811,A811,A811
A812,A812,A812
A818,A818,A818
A819,A819,A819
A820,A820,A820
A821,A821,A821
A829,A829,A829
A830,A830,A830
A831,A831,A832
A832,A832,A832
A833,A833,A833
A834,A834,A834
A835,A835,A835
A836,A836,A836
A838,A838,A838
A839,A839,A838
A840,A840,A841
A841,A841,A841
A848,A848,A848
A849,A849,A848
A850,A850,A850
A851,A851,A851
A852,A852,A852
A858,A858,B069
A86,A86,A86
A870,A870,A870
A871,A871,A871
A872,A872,A872
A878,A878,A878
A879,A879,A86
A880,A880,A880
A881,A881,B150
A888,A888,B088
A89,A89,A819
A920,A920,A920
A921,A921,A921
A922,A922,B172
A923,A923,A923
A924,A924,A924
A928,A928,A928
A929,A929,A929
A930,A930,A930
A931,A931,A931
A932,A932,A932
A938,A938,A94
A94,A94,A94
A950,A950,A950
A951,A951,A951
A959,A959,A959
A960,A960,A960
A961,A961,A961
A962,A962,A962
A968,A968,A968
A969,A969,B210
A970,A970,A970
A971,A971,A971
A972,A972,A972
A979,A979,A979
A980,A980,A980
A981,A981,A981
A982,A982,B222
A983,A983,B227
A984,A984,A984
A985,A985,B231
A988,A988,B232
A99,A99,A99
B000,B000,B000
B001,B001,B001
B002,B002,B252
B003,B003,B003
B004,B004,B004
B005,B005,B005
B007,B007,B007
B008,B008,B008
B009,B009,B009
B010,B010,B010
B011,B011,A86
B012,B012,A413
B018,B018,B019
B019,B019,B019
B020,B020,B020
B021,B021,B021
B022,B022,B022
B023,B023,B023
B027,B027,B027
B028,B028,B028
B029,B029,B331
B03,B03,B332
B04,B04,B333
B050,B050,B050
B051,B051,B051
B052,B052,B052
B053,B053,B053
B054,B054,B054
B058,B058,B058
B059,B059,B058
B060,B060,B060
B068,B068,B068
B069,B069,B069
B07,B07,B07
B080,B080,B355
B081,B081,B081
B082,B082,B082
B083,B083,B359
B084,B084,B360
B085,B085,B085
B088,B088,B088
B09,B09,B088
B150,B150,B150
B159,B159,B150
B160,B160,B161
B161,B161,B161
B162,B162,B162
B169,B169,B161
B170,B170,B377
B171,B171,B171
B172,B172,B172
B178,B178,B376
B179,B179,B179
B180,B180,B180
B181,B181,B180
B182,B182,B171
B188,B188,B188
B189,B189,B189
B190,B190,B190
B199,B199,B199
B20,B200,B393
B20,B201,B393
B20,B202,B393
B20,B203,B393
B20,B204,B393
B20,B205,B393
B20,B206,B393
B20,B207,B393
B20,B208,B393
B20,B209,B393
B21,B210,B213
B21,B211,B213
B21,B212,B213
B21,B213,B213
B21,B217,B213
B21,B218,B213
B21,B219,B213
B22,B220,B238
B22,B221,B238
B22,B222,B238
B22,B227,B238
B230,B230,B230
B238,B231,B238
B238,B232,B238
B238,B238,B238
B24,B24,B402
B250,B250,B250
B251,B251,B251
B252,B252,B252
B258,B258,B258
B259,B259,B653
B260,B260,B260
B261,B261,B261
B262,B262,B261
B263,B263,B263
B268,B268,B268
B269,B269,B269
B270,B270,B270
B271,B271,B271
B278,B278,B278
B279,B279,B279
B300,B300,B300
B301,B301,B301
B302,B302,B302
B303,B303,B303
B308,B308,B308
B309,B309,B309
B330,B330,B330
B331,B331,B331
B332,B332,B332
B333,B333,B333
B334,B334,B334
B338,B338,B338
B340,B340,B340
B341,B341,B341
B342,B342,B342
B343,B343,B343
B344,B344,B344
B348,B348,B348
B349,B349,A084
B350,B350,B350
B351,B351,B351
B352,B352,B352
B353,B353,B353
B354,B354,B483
B355,B355,B353
B356,B356,B485
B358,B358,B358
B359,B359,B359
B360,B360,B360
B361,B361,B361
B362,B362,B362
B363,B363,B362
B368,B368,B368
B369,B369,B49
B370,B370,B370
B371,B371,B371
B372,B372,B530
B373,B373,B531
B374,B374,B374
B375,B375,B375
B376,B376,B376
B377,B377,B377
B3788,B378,B378
B3781,B378,B559
B379,B379,B379
B380,B380,B381
B381,B381,B381
B382,B382,B381
B383,B383,B383
B384,B384,B387
B387,B387,B387
B388,B388,B388
B389,B389,B389
B390,B390,B583
B391,B391,B391
B392,B392,B391
B393,B393,B393
B394,B394,B394
B395,B395,B602
B399,B399,B399
B400,B400,B401
B401,B401,B401
B402,B402,B402
B403,B403,B403
B407,B407,B407
B408,B408,B408
B409,B409,B402
B410,B410,B381
B417,B417,B417
B418,B418,B417
B419,B419,B419
B420,B420,B420
B421,B421,B421
B427,B427,B427
B428,B428,B428
B429,B429,B429
B430,B430,B430
B431,B431,B431
B432,B432,B432
B438,B438,B438
B439,B439,B439
B440,B440,B447
B441,B441,B441
B442,B442,B442
B447,B447,B447
B448,B448,B448
B449,B449,B449
B450,B450,B450
B451,B451,B451
B452,B452,B452
B453,B453,B718
B457,B457,B457
B458,B458,B458
B459,B459,B459
B460,B460,B460
B461,B461,B461
B462,B462,B462
B463,B463,B463
B464,B464,B464
B465,B465,B465
B468,B468,B468
B469,B469,B760
B470,B470,B470
B471,B471,B471
B479,B479,B479
B480,B480,B779
B481,B481,B780
B482,B482,B781
B483,B483,B483
B484,B484,B484
B487,B487,B487
B488,B488,B80
B49,B49,B879
B500,B500,B500
B508,B508,B508
B509,B509,B509
B510,B510,B510
B518,B518,B519
B519,B519,B519
B520,B520,B520
B528,B528,B528
B529,B529,B529
B530,B530,B530
B531,B531,B531
B538,B538,B538
B54,B54,B54
B550,B550,B854
B551,B551,B86
B552,B552,B552
B559,B559,B559
B560,B560,B873
B561,B561,B561
B569,B569,B878
B570,B570,B571
B571,B571,B571
B572,B572,B571
B573,B573,B573
B574,B574,B574
B575,B575,B574
B580,B580,B580
B581,B581,B588
B582,B582,B582
B583,B583,B583
B588,B588,B588
B589,B589,B588
B600,B600,B600
B601,B601,B601
B602,B602,B602
B608,B608,B608
B64,B64,B64
B650,B650,B650
B651,B651,B651
B652,B652,B652
B653,B653,B653
B658,B658,B658
B659,B659,B659
B660,B660,B660
B661,B661,B661
B662,B662,B962
B663,B663,B663
B664,B664,B664
B665,B665,B663
B668,B668,B668
B669,B669,B668
B670,B670,B670
B671,B671,B671
B672,B672,B672
B673,B673,B673
B674,B674,B674
B675,B675,B675
B676,B676,B676
B677,B677,B677
B678,B678,B678
B679,B679,B679
B680,B680,B680
B681,B681,B680
B689,B689,B689
B690,B690,B690
B691,B691,B691
B698,B698,B698
B699,B699,B699
B700,B700,B700
B701,B701,B701
B710,B710,B710
B711,B711,B711
B718,B718,B718
B719,B719,B719
B72,B72,B72
B73,B73,B73
B740,B740,B740
B741,B741,B741
B742,B742,B742
B743,B743,B743
B744,B744,B744
B748,B748,B748
B749,B749,B749
B75,B75,B75
B760,B760,B760
B761,B761,B761
B768,B768,B768
B769,B769,B769
B770,B770,B770
B778,B778,B778
B779,B779,B779
B780,B780,B780
B781,B781,B781
B787,B787,B780
B789,B789,B789
B79,B79,B79
B80,B80,B80
B810,B810,B880
B811,B811,B811
B812,B812,B812
B813,B813,B813
B814,B814,B814
B818,B818,B814
B820,B820,B820
B829,B829,B829
B830,B830,B830
B831,B831,B831
B832,B832,B832
B833,B833,B833
B834,B834,B883
B838,B838,B838
B839,B839,B820
B850,B850,B850
B851,B851,B850
B852,B852,B852
B853,B853,B853
B854,B854,B854
B86,B86,B86
B870,B870,B870
B871,B871,B870
B872,B872,B872
B873,B873,B873
B874,B874,B874
B878,B878,B878
B879,B879,B879
B880,B880,B880
B881,B881,B881
B882,B882,B882
B883,B883,B883
B888,B888,B888
B889,B889,B889
B89,B89,B89
B900,B900,B900
B901,B901,B901
B902,B902,B902
B908,B908,B908
B909,B909,B583
B91,B91,B91
B92,B92,B92
B940,B940,B940
B941,B941,B900
B942,B942,B213
B948,B948,B949
B949,B949,B949
B950,B950,B951
B951,B951,B951
B952,B952,B952
B953,B953,B953
B9548,B954,B951
B9541,B954,B951
B9542,B954,B951
B955,B955,B951
B956,B956,B956
B957,B957,B957
B958,B958,B957
B960,B960,B960
B961,B961,B953
B962,B962,B962
B9639,B963,B963
B9638,B963,B963
B9631,B963,B963
B964,B964,B964
B965,B965,B965
B966,B966,B966
B967,B967,B967
B9688,B968,B968
B9681,B968,B980
B9682,B968,B981
B970,B970,B970
B971,B971,B971
B972,B972,B972
B973,B973,B973
B974,B974,B974
B975,B975,B975
B976,B976,B976
B977,B977,B977
B978,B978,B978
B99,B99,B99
